{
    "Cur_Array": [
        2.303030303030303e-06,
        2.6603970741901777e-06,
        3.0177638453500526e-06,
        3.375130616509927e-06,
        3.7324973876698017e-06,
        4.089864158829677e-06,
        4.447230929989551e-06,
        4.8045977011494265e-06,
        5.161964472309301e-06,
        5.519331243469175e-06,
        5.8766980146290505e-06,
        6.234064785788925e-06,
        6.591431556948799e-06,
        6.9487983281086745e-06,
        7.3061650992685486e-06,
        7.663531870428423e-06,
        8.020898641588298e-06,
        8.378265412748173e-06,
        8.735632183908047e-06,
        9.092998955067922e-06,
        9.450365726227797e-06,
        9.80773249738767e-06,
        1.0165099268547546e-05,
        1.052246603970742e-05,
        1.0879832810867295e-05,
        1.123719958202717e-05,
        1.1594566353187045e-05,
        1.1951933124346919e-05,
        1.2309299895506794e-05,
        1.2666666666666668e-05
    ],
    "Dark_Count_Array": [
        [
            0.0,
            0.0,
            0.0
        ],
        [
            0.0,
            0.0,
            0.0
        ],
        [
            0.0,
            0.0,
            0.0
        ],
        [
            0.0,
            0.0,
            0.0
        ],
        [
            0.0,
            0.0,
            0.0
        ],
        [
            0.0,
            0.0,
            0.0
        ],
        [
            0.0,
            0.0,
            0.0
        ],
        [
            0.0,
            0.0,
            0.0
        ],
        [
            2.0,
            0.0,
            0.0
        ],
        [
            0.0,
            0.0,
            0.0
        ],
        [
            0.0,
            0.0,
            0.0
        ],
        [
            0.0,
            0.0,
            2.0
        ],
        [
            4.0,
            8.0,
            8.0
        ],
        [
            2.0,
            2.0,
            2.0
        ],
        [
            20.0,
            2.0,
            8.0
        ],
        [
            16.0,
            28.0,
            28.0
        ],
        [
            70.0,
            36.0,
            26.0
        ],
        [
            110.0,
            136.0,
            68.0
        ],
        [
            92.0,
            138.0,
            202.0
        ],
        [
            146.0,
            132.0,
            106.0
        ],
        [
            114.0,
            142.0,
            146.0
        ],
        [
            108.0,
            98.0,
            158.0
        ],
        [
            136.0,
            148.0,
            110.0
        ],
        [
            172.0,
            142.0,
            180.0
        ],
        [
            114.0,
            148.0,
            134.0
        ],
        [
            212.0,
            150.0,
            266.0
        ],
        [
            0.0,
            0.0,
            0.0
        ],
        [
            0.0,
            0.0,
            0.0
        ],
        [
            0.0,
            0.0,
            0.0
        ],
        [
            0.0,
            0.0,
            0.0
        ]
    ],
    "Count_Array": [
        [
            0.0,
            0.0,
            0.0
        ],
        [
            0.0,
            0.0,
            0.0
        ],
        [
            0.0,
            0.0,
            0.0
        ],
        [
            0.0,
            0.0,
            0.0
        ],
        [
            0.0,
            0.0,
            0.0
        ],
        [
            6.0,
            4.0,
            2.0
        ],
        [
            32.0,
            26.0,
            12.0
        ],
        [
            114.0,
            168.0,
            82.0
        ],
        [
            516.0,
            450.0,
            522.0
        ],
        [
            1382.0,
            1424.0,
            1398.0
        ],
        [
            3028.0,
            3032.0,
            3140.0
        ],
        [
            5850.0,
            5472.0,
            5758.0
        ],
        [
            9206.0,
            9336.0,
            9432.0
        ],
        [
            14470.0,
            13926.0,
            14204.0
        ],
        [
            19914.0,
            20468.0,
            20306.0
        ],
        [
            31554.0,
            30974.0,
            30668.0
        ],
        [
            59920.0,
            59358.0,
            58800.0
        ],
        [
            115372.0,
            116726.0,
            112416.0
        ],
        [
            150086.0,
            149504.0,
            149204.0
        ],
        [
            149908.0,
            151672.0,
            151080.0
        ],
        [
            149246.0,
            148810.0,
            148382.0
        ],
        [
            149718.0,
            152224.0,
            152150.0
        ],
        [
            149342.0,
            149134.0,
            150144.0
        ],
        [
            149408.0,
            149222.0,
            150460.0
        ],
        [
            151042.0,
            150376.0,
            148784.0
        ],
        [
            0.0,
            0.0,
            0.0
        ],
        [
            0.0,
            0.0,
            0.0
        ],
        [
            0.0,
            0.0,
            0.0
        ],
        [
            0.0,
            0.0,
            0.0
        ],
        [
            0.0,
            0.0,
            0.0
        ]
    ]
}