{
    "Cur_Array": [
        2.303030303030303e-06,
        2.6603970741901777e-06,
        3.0177638453500526e-06,
        3.375130616509927e-06,
        3.7324973876698017e-06,
        4.089864158829677e-06,
        4.447230929989551e-06,
        4.8045977011494265e-06,
        5.161964472309301e-06,
        5.519331243469175e-06,
        5.8766980146290505e-06,
        6.234064785788925e-06,
        6.591431556948799e-06,
        6.9487983281086745e-06,
        7.3061650992685486e-06,
        7.663531870428423e-06,
        8.020898641588298e-06,
        8.378265412748173e-06,
        8.735632183908047e-06,
        9.092998955067922e-06,
        9.450365726227797e-06,
        9.80773249738767e-06,
        1.0165099268547546e-05,
        1.052246603970742e-05,
        1.0879832810867295e-05,
        1.123719958202717e-05,
        1.1594566353187045e-05,
        1.1951933124346919e-05,
        1.2309299895506794e-05,
        1.2666666666666668e-05
    ],
    "Dark_Count_Array": [
        [
            0.0,
            0.0,
            0.0
        ],
        [
            0.0,
            0.0,
            0.0
        ],
        [
            0.0,
            0.0,
            0.0
        ],
        [
            0.0,
            0.0,
            0.0
        ],
        [
            0.0,
            0.0,
            0.0
        ],
        [
            0.0,
            0.0,
            0.0
        ],
        [
            0.0,
            0.0,
            0.0
        ],
        [
            0.0,
            0.0,
            0.0
        ],
        [
            0.0,
            0.0,
            0.0
        ],
        [
            0.0,
            0.0,
            0.0
        ],
        [
            0.0,
            0.0,
            0.0
        ],
        [
            0.0,
            4.0,
            2.0
        ],
        [
            0.0,
            0.0,
            0.0
        ],
        [
            16.0,
            2.0,
            6.0
        ],
        [
            8.0,
            6.0,
            8.0
        ],
        [
            20.0,
            22.0,
            8.0
        ],
        [
            38.0,
            48.0,
            36.0
        ],
        [
            108.0,
            70.0,
            96.0
        ],
        [
            90.0,
            134.0,
            132.0
        ],
        [
            140.0,
            90.0,
            170.0
        ],
        [
            138.0,
            90.0,
            138.0
        ],
        [
            128.0,
            94.0,
            136.0
        ],
        [
            116.0,
            118.0,
            124.0
        ],
        [
            134.0,
            102.0,
            124.0
        ],
        [
            82.0,
            142.0,
            150.0
        ],
        [
            234.0,
            210.0,
            162.0
        ],
        [
            0.0,
            0.0,
            0.0
        ],
        [
            0.0,
            0.0,
            0.0
        ],
        [
            0.0,
            0.0,
            0.0
        ],
        [
            0.0,
            0.0,
            0.0
        ]
    ],
    "Count_Array": [
        [
            0.0,
            0.0,
            0.0
        ],
        [
            0.0,
            0.0,
            0.0
        ],
        [
            0.0,
            0.0,
            0.0
        ],
        [
            0.0,
            0.0,
            0.0
        ],
        [
            0.0,
            0.0,
            0.0
        ],
        [
            0.0,
            0.0,
            0.0
        ],
        [
            2.0,
            4.0,
            4.0
        ],
        [
            58.0,
            48.0,
            92.0
        ],
        [
            374.0,
            364.0,
            270.0
        ],
        [
            1598.0,
            1530.0,
            1498.0
        ],
        [
            5608.0,
            5790.0,
            5836.0
        ],
        [
            16292.0,
            16520.0,
            16372.0
        ],
        [
            38222.0,
            38216.0,
            38430.0
        ],
        [
            78594.0,
            79690.0,
            78980.0
        ],
        [
            143636.0,
            139532.0,
            141508.0
        ],
        [
            263340.0,
            263482.0,
            261496.0
        ],
        [
            528962.0,
            529756.0,
            532686.0
        ],
        [
            850004.0,
            841430.0,
            848852.0
        ],
        [
            1051662.0,
            1055486.0,
            1059526.0
        ],
        [
            1156152.0,
            1150992.0,
            1153142.0
        ],
        [
            1180608.0,
            1181620.0,
            1188402.0
        ],
        [
            1203634.0,
            1207388.0,
            1210802.0
        ],
        [
            1205434.0,
            1202432.0,
            1202070.0
        ],
        [
            0.0,
            0.0,
            0.0
        ],
        [
            0.0,
            0.0,
            0.0
        ],
        [
            0.0,
            0.0,
            0.0
        ],
        [
            0.0,
            0.0,
            0.0
        ],
        [
            0.0,
            0.0,
            0.0
        ],
        [
            0.0,
            0.0,
            0.0
        ],
        [
            0.0,
            0.0,
            0.0
        ]
    ]
}