{
    "Cur_Array": [
        2.303030303030303e-06,
        2.6603970741901777e-06,
        3.0177638453500526e-06,
        3.375130616509927e-06,
        3.7324973876698017e-06,
        4.089864158829677e-06,
        4.447230929989551e-06,
        4.8045977011494265e-06,
        5.161964472309301e-06,
        5.519331243469175e-06,
        5.8766980146290505e-06,
        6.234064785788925e-06,
        6.591431556948799e-06,
        6.9487983281086745e-06,
        7.3061650992685486e-06,
        7.663531870428423e-06,
        8.020898641588298e-06,
        8.378265412748173e-06,
        8.735632183908047e-06,
        9.092998955067922e-06,
        9.450365726227797e-06,
        9.80773249738767e-06,
        1.0165099268547546e-05,
        1.052246603970742e-05,
        1.0879832810867295e-05,
        1.123719958202717e-05,
        1.1594566353187045e-05,
        1.1951933124346919e-05,
        1.2309299895506794e-05,
        1.2666666666666668e-05
    ],
    "Dark_Count_Array": [
        [
            0.0,
            0.0,
            0.0
        ],
        [
            0.0,
            0.0,
            0.0
        ],
        [
            0.0,
            0.0,
            0.0
        ],
        [
            0.0,
            0.0,
            0.0
        ],
        [
            0.0,
            0.0,
            0.0
        ],
        [
            0.0,
            0.0,
            0.0
        ],
        [
            0.0,
            0.0,
            0.0
        ],
        [
            0.0,
            0.0,
            0.0
        ],
        [
            0.0,
            4.0,
            2.0
        ],
        [
            2.0,
            2.0,
            0.0
        ],
        [
            0.0,
            4.0,
            0.0
        ],
        [
            12.0,
            2.0,
            0.0
        ],
        [
            0.0,
            0.0,
            10.0
        ],
        [
            16.0,
            12.0,
            20.0
        ],
        [
            10.0,
            14.0,
            8.0
        ],
        [
            12.0,
            24.0,
            22.0
        ],
        [
            12.0,
            36.0,
            64.0
        ],
        [
            120.0,
            120.0,
            104.0
        ],
        [
            174.0,
            148.0,
            136.0
        ],
        [
            150.0,
            150.0,
            180.0
        ],
        [
            170.0,
            146.0,
            162.0
        ],
        [
            96.0,
            94.0,
            108.0
        ],
        [
            158.0,
            90.0,
            126.0
        ],
        [
            98.0,
            140.0,
            164.0
        ],
        [
            144.0,
            110.0,
            124.0
        ],
        [
            224.0,
            156.0,
            206.0
        ],
        [
            0.0,
            0.0,
            0.0
        ],
        [
            0.0,
            0.0,
            0.0
        ],
        [
            0.0,
            0.0,
            0.0
        ],
        [
            0.0,
            0.0,
            0.0
        ]
    ],
    "Count_Array": [
        [
            0.0,
            0.0,
            0.0
        ],
        [
            0.0,
            0.0,
            0.0
        ],
        [
            0.0,
            0.0,
            0.0
        ],
        [
            0.0,
            0.0,
            0.0
        ],
        [
            0.0,
            0.0,
            0.0
        ],
        [
            0.0,
            0.0,
            0.0
        ],
        [
            0.0,
            0.0,
            2.0
        ],
        [
            4.0,
            8.0,
            0.0
        ],
        [
            12.0,
            0.0,
            26.0
        ],
        [
            76.0,
            74.0,
            60.0
        ],
        [
            216.0,
            290.0,
            264.0
        ],
        [
            834.0,
            934.0,
            878.0
        ],
        [
            2244.0,
            2334.0,
            2384.0
        ],
        [
            5606.0,
            5424.0,
            5824.0
        ],
        [
            12162.0,
            12640.0,
            12058.0
        ],
        [
            25574.0,
            25186.0,
            24970.0
        ],
        [
            57186.0,
            57052.0,
            57464.0
        ],
        [
            125862.0,
            124040.0,
            123842.0
        ],
        [
            167572.0,
            167256.0,
            168096.0
        ],
        [
            172732.0,
            173644.0,
            173628.0
        ],
        [
            172758.0,
            172422.0,
            171148.0
        ],
        [
            171894.0,
            172156.0,
            172262.0
        ],
        [
            171070.0,
            170244.0,
            171386.0
        ],
        [
            171352.0,
            172544.0,
            172902.0
        ],
        [
            172538.0,
            171760.0,
            172558.0
        ],
        [
            0.0,
            0.0,
            0.0
        ],
        [
            0.0,
            0.0,
            0.0
        ],
        [
            0.0,
            0.0,
            0.0
        ],
        [
            0.0,
            0.0,
            0.0
        ],
        [
            0.0,
            0.0,
            0.0
        ]
    ]
}