{
    "Cur_Array": [
        2.303030303030303e-06,
        2.6603970741901777e-06,
        3.0177638453500526e-06,
        3.375130616509927e-06,
        3.7324973876698017e-06,
        4.089864158829677e-06,
        4.447230929989551e-06,
        4.8045977011494265e-06,
        5.161964472309301e-06,
        5.519331243469175e-06,
        5.8766980146290505e-06,
        6.234064785788925e-06,
        6.591431556948799e-06,
        6.9487983281086745e-06,
        7.3061650992685486e-06,
        7.663531870428423e-06,
        8.020898641588298e-06,
        8.378265412748173e-06,
        8.735632183908047e-06,
        9.092998955067922e-06,
        9.450365726227797e-06,
        9.80773249738767e-06,
        1.0165099268547546e-05,
        1.052246603970742e-05,
        1.0879832810867295e-05,
        1.123719958202717e-05,
        1.1594566353187045e-05,
        1.1951933124346919e-05,
        1.2309299895506794e-05,
        1.2666666666666668e-05
    ],
    "Dark_Count_Array": [
        [
            0.0,
            0.0,
            0.0
        ],
        [
            0.0,
            0.0,
            0.0
        ],
        [
            0.0,
            0.0,
            0.0
        ],
        [
            0.0,
            0.0,
            0.0
        ],
        [
            0.0,
            0.0,
            0.0
        ],
        [
            0.0,
            0.0,
            0.0
        ],
        [
            0.0,
            0.0,
            0.0
        ],
        [
            0.0,
            0.0,
            0.0
        ],
        [
            0.0,
            0.0,
            0.0
        ],
        [
            0.0,
            0.0,
            0.0
        ],
        [
            0.0,
            0.0,
            0.0
        ],
        [
            0.0,
            0.0,
            0.0
        ],
        [
            0.0,
            0.0,
            2.0
        ],
        [
            0.0,
            4.0,
            2.0
        ],
        [
            6.0,
            4.0,
            16.0
        ],
        [
            10.0,
            10.0,
            16.0
        ],
        [
            30.0,
            52.0,
            22.0
        ],
        [
            92.0,
            98.0,
            100.0
        ],
        [
            162.0,
            144.0,
            126.0
        ],
        [
            122.0,
            130.0,
            118.0
        ],
        [
            116.0,
            116.0,
            148.0
        ],
        [
            138.0,
            100.0,
            110.0
        ],
        [
            140.0,
            106.0,
            154.0
        ],
        [
            152.0,
            158.0,
            126.0
        ],
        [
            106.0,
            156.0,
            142.0
        ],
        [
            236.0,
            202.0,
            188.0
        ],
        [
            0.0,
            0.0,
            0.0
        ],
        [
            0.0,
            0.0,
            0.0
        ],
        [
            0.0,
            0.0,
            0.0
        ],
        [
            0.0,
            0.0,
            0.0
        ]
    ],
    "Count_Array": [
        [
            0.0,
            0.0,
            0.0
        ],
        [
            0.0,
            0.0,
            0.0
        ],
        [
            0.0,
            0.0,
            0.0
        ],
        [
            0.0,
            0.0,
            0.0
        ],
        [
            0.0,
            0.0,
            0.0
        ],
        [
            0.0,
            0.0,
            2.0
        ],
        [
            0.0,
            2.0,
            8.0
        ],
        [
            14.0,
            22.0,
            36.0
        ],
        [
            126.0,
            114.0,
            54.0
        ],
        [
            332.0,
            256.0,
            278.0
        ],
        [
            848.0,
            820.0,
            800.0
        ],
        [
            1682.0,
            1590.0,
            1598.0
        ],
        [
            2926.0,
            3070.0,
            2908.0
        ],
        [
            4814.0,
            4960.0,
            4600.0
        ],
        [
            7020.0,
            7202.0,
            6980.0
        ],
        [
            10602.0,
            10796.0,
            11052.0
        ],
        [
            19898.0,
            20248.0,
            20492.0
        ],
        [
            40216.0,
            41570.0,
            40080.0
        ],
        [
            53696.0,
            54102.0,
            54066.0
        ],
        [
            53662.0,
            54216.0,
            53588.0
        ],
        [
            53238.0,
            51302.0,
            52802.0
        ],
        [
            52444.0,
            51794.0,
            52534.0
        ],
        [
            52390.0,
            52316.0,
            52410.0
        ],
        [
            52000.0,
            51480.0,
            51678.0
        ],
        [
            52204.0,
            51900.0,
            51498.0
        ],
        [
            51746.0,
            52558.0,
            46804.0
        ],
        [
            0.0,
            0.0,
            0.0
        ],
        [
            0.0,
            0.0,
            0.0
        ],
        [
            0.0,
            0.0,
            0.0
        ],
        [
            0.0,
            0.0,
            0.0
        ]
    ]
}