{
    "Cur_Array": [
        2.303030303030303e-06,
        2.6603970741901777e-06,
        3.0177638453500526e-06,
        3.375130616509927e-06,
        3.7324973876698017e-06,
        4.089864158829677e-06,
        4.447230929989551e-06,
        4.8045977011494265e-06,
        5.161964472309301e-06,
        5.519331243469175e-06,
        5.8766980146290505e-06,
        6.234064785788925e-06,
        6.591431556948799e-06,
        6.9487983281086745e-06,
        7.3061650992685486e-06,
        7.663531870428423e-06,
        8.020898641588298e-06,
        8.378265412748173e-06,
        8.735632183908047e-06,
        9.092998955067922e-06,
        9.450365726227797e-06,
        9.80773249738767e-06,
        1.0165099268547546e-05,
        1.052246603970742e-05,
        1.0879832810867295e-05,
        1.123719958202717e-05,
        1.1594566353187045e-05,
        1.1951933124346919e-05,
        1.2309299895506794e-05,
        1.2666666666666668e-05
    ],
    "Dark_Count_Array": [
        [
            0.0,
            0.0,
            0.0
        ],
        [
            0.0,
            0.0,
            0.0
        ],
        [
            0.0,
            0.0,
            0.0
        ],
        [
            0.0,
            0.0,
            0.0
        ],
        [
            0.0,
            0.0,
            0.0
        ],
        [
            0.0,
            0.0,
            0.0
        ],
        [
            0.0,
            0.0,
            0.0
        ],
        [
            0.0,
            0.0,
            0.0
        ],
        [
            0.0,
            0.0,
            0.0
        ],
        [
            6.0,
            0.0,
            2.0
        ],
        [
            0.0,
            4.0,
            0.0
        ],
        [
            2.0,
            0.0,
            0.0
        ],
        [
            4.0,
            0.0,
            0.0
        ],
        [
            18.0,
            8.0,
            14.0
        ],
        [
            42.0,
            4.0,
            24.0
        ],
        [
            14.0,
            28.0,
            18.0
        ],
        [
            48.0,
            42.0,
            36.0
        ],
        [
            84.0,
            88.0,
            98.0
        ],
        [
            156.0,
            142.0,
            98.0
        ],
        [
            140.0,
            144.0,
            112.0
        ],
        [
            130.0,
            150.0,
            138.0
        ],
        [
            148.0,
            122.0,
            144.0
        ],
        [
            156.0,
            134.0,
            162.0
        ],
        [
            146.0,
            98.0,
            148.0
        ],
        [
            134.0,
            134.0,
            140.0
        ],
        [
            242.0,
            186.0,
            244.0
        ],
        [
            0.0,
            0.0,
            0.0
        ],
        [
            0.0,
            0.0,
            0.0
        ],
        [
            0.0,
            0.0,
            0.0
        ],
        [
            0.0,
            0.0,
            0.0
        ]
    ],
    "Count_Array": [
        [
            0.0,
            0.0,
            0.0
        ],
        [
            0.0,
            0.0,
            0.0
        ],
        [
            0.0,
            0.0,
            0.0
        ],
        [
            0.0,
            0.0,
            0.0
        ],
        [
            0.0,
            0.0,
            0.0
        ],
        [
            2.0,
            0.0,
            0.0
        ],
        [
            4.0,
            2.0,
            18.0
        ],
        [
            96.0,
            56.0,
            80.0
        ],
        [
            322.0,
            286.0,
            302.0
        ],
        [
            1170.0,
            1052.0,
            1058.0
        ],
        [
            3150.0,
            2888.0,
            2956.0
        ],
        [
            7378.0,
            7410.0,
            7362.0
        ],
        [
            14264.0,
            14210.0,
            13846.0
        ],
        [
            24086.0,
            24158.0,
            24128.0
        ],
        [
            38392.0,
            38866.0,
            38402.0
        ],
        [
            62230.0,
            61530.0,
            61524.0
        ],
        [
            119170.0,
            119006.0,
            119274.0
        ],
        [
            226044.0,
            227044.0,
            223548.0
        ],
        [
            290572.0,
            287712.0,
            288372.0
        ],
        [
            299516.0,
            297010.0,
            298818.0
        ],
        [
            298988.0,
            297320.0,
            298978.0
        ],
        [
            299060.0,
            298868.0,
            297096.0
        ],
        [
            295342.0,
            296222.0,
            295718.0
        ],
        [
            297850.0,
            298422.0,
            298522.0
        ],
        [
            295928.0,
            296824.0,
            297384.0
        ],
        [
            0.0,
            0.0,
            0.0
        ],
        [
            0.0,
            0.0,
            0.0
        ],
        [
            0.0,
            0.0,
            0.0
        ],
        [
            0.0,
            0.0,
            0.0
        ],
        [
            0.0,
            0.0,
            0.0
        ]
    ]
}