{
    "Cur_Array": [
        2.303030303030303e-06,
        2.6603970741901777e-06,
        3.0177638453500526e-06,
        3.375130616509927e-06,
        3.7324973876698017e-06,
        4.089864158829677e-06,
        4.447230929989551e-06,
        4.8045977011494265e-06,
        5.161964472309301e-06,
        5.519331243469175e-06,
        5.8766980146290505e-06,
        6.234064785788925e-06,
        6.591431556948799e-06,
        6.9487983281086745e-06,
        7.3061650992685486e-06,
        7.663531870428423e-06,
        8.020898641588298e-06,
        8.378265412748173e-06,
        8.735632183908047e-06,
        9.092998955067922e-06,
        9.450365726227797e-06,
        9.80773249738767e-06,
        1.0165099268547546e-05,
        1.052246603970742e-05,
        1.0879832810867295e-05,
        1.123719958202717e-05,
        1.1594566353187045e-05,
        1.1951933124346919e-05,
        1.2309299895506794e-05,
        1.2666666666666668e-05
    ],
    "Dark_Count_Array": [
        [
            0.0,
            0.0,
            0.0
        ],
        [
            0.0,
            0.0,
            0.0
        ],
        [
            0.0,
            0.0,
            0.0
        ],
        [
            0.0,
            0.0,
            0.0
        ],
        [
            0.0,
            0.0,
            0.0
        ],
        [
            0.0,
            0.0,
            0.0
        ],
        [
            0.0,
            0.0,
            0.0
        ],
        [
            0.0,
            0.0,
            0.0
        ],
        [
            0.0,
            0.0,
            0.0
        ],
        [
            0.0,
            0.0,
            0.0
        ],
        [
            2.0,
            0.0,
            0.0
        ],
        [
            0.0,
            6.0,
            0.0
        ],
        [
            0.0,
            4.0,
            10.0
        ],
        [
            0.0,
            6.0,
            2.0
        ],
        [
            4.0,
            0.0,
            36.0
        ],
        [
            18.0,
            24.0,
            12.0
        ],
        [
            18.0,
            52.0,
            30.0
        ],
        [
            98.0,
            98.0,
            84.0
        ],
        [
            138.0,
            126.0,
            98.0
        ],
        [
            142.0,
            146.0,
            152.0
        ],
        [
            136.0,
            126.0,
            108.0
        ],
        [
            132.0,
            124.0,
            90.0
        ],
        [
            154.0,
            124.0,
            110.0
        ],
        [
            130.0,
            148.0,
            212.0
        ],
        [
            118.0,
            106.0,
            136.0
        ],
        [
            202.0,
            184.0,
            192.0
        ],
        [
            0.0,
            0.0,
            0.0
        ],
        [
            0.0,
            0.0,
            0.0
        ],
        [
            0.0,
            0.0,
            0.0
        ],
        [
            0.0,
            0.0,
            0.0
        ]
    ],
    "Count_Array": [
        [
            0.0,
            0.0,
            0.0
        ],
        [
            0.0,
            0.0,
            0.0
        ],
        [
            0.0,
            0.0,
            0.0
        ],
        [
            0.0,
            0.0,
            0.0
        ],
        [
            0.0,
            0.0,
            0.0
        ],
        [
            0.0,
            0.0,
            0.0
        ],
        [
            0.0,
            0.0,
            0.0
        ],
        [
            0.0,
            0.0,
            6.0
        ],
        [
            14.0,
            18.0,
            0.0
        ],
        [
            28.0,
            36.0,
            40.0
        ],
        [
            82.0,
            138.0,
            96.0
        ],
        [
            224.0,
            254.0,
            298.0
        ],
        [
            820.0,
            646.0,
            602.0
        ],
        [
            1430.0,
            1322.0,
            1518.0
        ],
        [
            2466.0,
            2596.0,
            2616.0
        ],
        [
            4458.0,
            4384.0,
            4288.0
        ],
        [
            8954.0,
            9242.0,
            8884.0
        ],
        [
            18704.0,
            18878.0,
            18970.0
        ],
        [
            25392.0,
            25098.0,
            24852.0
        ],
        [
            25056.0,
            24472.0,
            25064.0
        ],
        [
            24676.0,
            24588.0,
            24316.0
        ],
        [
            25038.0,
            25258.0,
            24074.0
        ],
        [
            24504.0,
            25376.0,
            24798.0
        ],
        [
            24270.0,
            24050.0,
            24680.0
        ],
        [
            24062.0,
            24348.0,
            24402.0
        ],
        [
            24714.0,
            24518.0,
            24788.0
        ],
        [
            0.0,
            0.0,
            0.0
        ],
        [
            0.0,
            0.0,
            0.0
        ],
        [
            0.0,
            0.0,
            0.0
        ],
        [
            0.0,
            0.0,
            0.0
        ]
    ]
}