{
    "Cur_Array": [
        2.303030303030303e-06,
        2.6603970741901777e-06,
        3.0177638453500526e-06,
        3.375130616509927e-06,
        3.7324973876698017e-06,
        4.089864158829677e-06,
        4.447230929989551e-06,
        4.8045977011494265e-06,
        5.161964472309301e-06,
        5.519331243469175e-06,
        5.8766980146290505e-06,
        6.234064785788925e-06,
        6.591431556948799e-06,
        6.9487983281086745e-06,
        7.3061650992685486e-06,
        7.663531870428423e-06,
        8.020898641588298e-06,
        8.378265412748173e-06,
        8.735632183908047e-06,
        9.092998955067922e-06,
        9.450365726227797e-06,
        9.80773249738767e-06,
        1.0165099268547546e-05,
        1.052246603970742e-05,
        1.0879832810867295e-05,
        1.123719958202717e-05,
        1.1594566353187045e-05,
        1.1951933124346919e-05,
        1.2309299895506794e-05,
        1.2666666666666668e-05
    ],
    "Dark_Count_Array": [
        [
            0.0,
            0.0,
            0.0
        ],
        [
            0.0,
            0.0,
            0.0
        ],
        [
            0.0,
            0.0,
            0.0
        ],
        [
            0.0,
            0.0,
            0.0
        ],
        [
            0.0,
            0.0,
            0.0
        ],
        [
            0.0,
            0.0,
            0.0
        ],
        [
            0.0,
            0.0,
            0.0
        ],
        [
            0.0,
            0.0,
            0.0
        ],
        [
            0.0,
            0.0,
            0.0
        ],
        [
            0.0,
            0.0,
            0.0
        ],
        [
            0.0,
            0.0,
            6.0
        ],
        [
            2.0,
            0.0,
            0.0
        ],
        [
            8.0,
            12.0,
            6.0
        ],
        [
            8.0,
            2.0,
            4.0
        ],
        [
            8.0,
            16.0,
            4.0
        ],
        [
            28.0,
            18.0,
            24.0
        ],
        [
            18.0,
            56.0,
            34.0
        ],
        [
            112.0,
            90.0,
            76.0
        ],
        [
            160.0,
            124.0,
            138.0
        ],
        [
            94.0,
            128.0,
            152.0
        ],
        [
            114.0,
            162.0,
            132.0
        ],
        [
            130.0,
            144.0,
            108.0
        ],
        [
            116.0,
            104.0,
            106.0
        ],
        [
            140.0,
            130.0,
            110.0
        ],
        [
            154.0,
            152.0,
            156.0
        ],
        [
            246.0,
            160.0,
            202.0
        ],
        [
            0.0,
            0.0,
            0.0
        ],
        [
            0.0,
            0.0,
            0.0
        ],
        [
            0.0,
            0.0,
            0.0
        ],
        [
            0.0,
            0.0,
            0.0
        ]
    ],
    "Count_Array": [
        [
            0.0,
            0.0,
            0.0
        ],
        [
            0.0,
            0.0,
            0.0
        ],
        [
            0.0,
            0.0,
            0.0
        ],
        [
            0.0,
            0.0,
            0.0
        ],
        [
            0.0,
            0.0,
            0.0
        ],
        [
            0.0,
            0.0,
            0.0
        ],
        [
            0.0,
            2.0,
            4.0
        ],
        [
            10.0,
            52.0,
            34.0
        ],
        [
            116.0,
            86.0,
            116.0
        ],
        [
            480.0,
            492.0,
            550.0
        ],
        [
            1766.0,
            1816.0,
            1836.0
        ],
        [
            4250.0,
            4710.0,
            4260.0
        ],
        [
            9240.0,
            9264.0,
            9428.0
        ],
        [
            17580.0,
            17882.0,
            17632.0
        ],
        [
            31054.0,
            30086.0,
            29866.0
        ],
        [
            50128.0,
            50118.0,
            50876.0
        ],
        [
            100498.0,
            100144.0,
            98648.0
        ],
        [
            193366.0,
            192682.0,
            194088.0
        ],
        [
            244698.0,
            246310.0,
            243726.0
        ],
        [
            253600.0,
            251940.0,
            252524.0
        ],
        [
            253306.0,
            251728.0,
            252932.0
        ],
        [
            251536.0,
            252706.0,
            252204.0
        ],
        [
            254468.0,
            250410.0,
            249936.0
        ],
        [
            251308.0,
            252370.0,
            251706.0
        ],
        [
            249950.0,
            251970.0,
            248438.0
        ],
        [
            0.0,
            0.0,
            0.0
        ],
        [
            0.0,
            0.0,
            0.0
        ],
        [
            0.0,
            0.0,
            0.0
        ],
        [
            0.0,
            0.0,
            0.0
        ],
        [
            0.0,
            0.0,
            0.0
        ]
    ]
}