{
    "(-60.0, -60.0, -60.0)": 199937.66666666666,
    "(-60.0, -60.0, -40.0)": 193754.33333333334,
    "(-60.0, -60.0, -20.0)": 226008.0,
    "(-60.0, -60.0, 0.0)": 195418.66666666666,
    "(-60.0, -60.0, 20.0)": 140527.0,
    "(-60.0, -60.0, 40.0)": 151931.0,
    "(-60.0, -60.0, 60.0)": 219701.66666666666,
    "(-60.0, -40.0, -60.0)": 139478.66666666666,
    "(-60.0, -40.0, -40.0)": 221625.0,
    "(-60.0, -40.0, -20.0)": 226206.66666666666,
    "(-60.0, -40.0, 0.0)": 190117.33333333334,
    "(-60.0, -40.0, 20.0)": 247969.33333333334,
    "(-60.0, -40.0, 40.0)": 135881.66666666666,
    "(-60.0, -40.0, 60.0)": 157763.33333333334,
    "(-60.0, -20.0, -60.0)": 152548.33333333334,
    "(-60.0, -20.0, -40.0)": 269090.0,
    "(-60.0, -20.0, -20.0)": 173109.0,
    "(-60.0, -20.0, 0.0)": 136465.0,
    "(-60.0, -20.0, 20.0)": 266496.0,
    "(-60.0, -20.0, 40.0)": 189633.0,
    "(-60.0, -20.0, 60.0)": 129321.33333333333,
    "(-60.0, 0.0, -60.0)": 169525.33333333334,
    "(-60.0, 0.0, -40.0)": 229575.33333333334,
    "(-60.0, 0.0, -20.0)": 167569.33333333334,
    "(-60.0, 0.0, 0.0)": 161275.33333333334,
    "(-60.0, 0.0, 20.0)": 214348.0,
    "(-60.0, 0.0, 40.0)": 201648.0,
    "(-60.0, 0.0, 60.0)": 125729.66666666667,
    "(-60.0, 20.0, -60.0)": 142956.66666666666,
    "(-60.0, 20.0, -40.0)": 176269.33333333334,
    "(-60.0, 20.0, -20.0)": 224880.0,
    "(-60.0, 20.0, 0.0)": 226518.33333333334,
    "(-60.0, 20.0, 20.0)": 186065.0,
    "(-60.0, 20.0, 40.0)": 149732.66666666666,
    "(-60.0, 20.0, 60.0)": 117679.0,
    "(-60.0, 40.0, -60.0)": 105365.33333333333,
    "(-60.0, 40.0, -40.0)": 196818.33333333334,
    "(-60.0, 40.0, -20.0)": 257299.33333333334,
    "(-60.0, 40.0, 0.0)": 233540.0,
    "(-60.0, 40.0, 20.0)": 227264.0,
    "(-60.0, 40.0, 40.0)": 112028.33333333333,
    "(-60.0, 40.0, 60.0)": 107990.66666666667,
    "(-60.0, 60.0, -60.0)": 130567.33333333333,
    "(-60.0, 60.0, -40.0)": 257645.0,
    "(-60.0, 60.0, -20.0)": 200367.33333333334,
    "(-60.0, 60.0, 0.0)": 177648.0,
    "(-60.0, 60.0, 20.0)": 266583.0,
    "(-60.0, 60.0, 40.0)": 150969.66666666666,
    "(-60.0, 60.0, 60.0)": 132888.33333333334,
    "(-40.0, -60.0, -60.0)": 133241.66666666666,
    "(-40.0, -60.0, -40.0)": 249803.0,
    "(-40.0, -60.0, -20.0)": 227099.33333333334,
    "(-40.0, -60.0, 0.0)": 234365.0,
    "(-40.0, -60.0, 20.0)": 132387.0,
    "(-40.0, -60.0, 40.0)": 175554.0,
    "(-40.0, -60.0, 60.0)": 254943.66666666666,
    "(-40.0, -40.0, -60.0)": 166445.33333333334,
    "(-40.0, -40.0, -40.0)": 190241.0,
    "(-40.0, -40.0, -20.0)": 223725.33333333334,
    "(-40.0, -40.0, 0.0)": 203789.33333333334,
    "(-40.0, -40.0, 20.0)": 216713.0,
    "(-40.0, -40.0, 40.0)": 146907.33333333334,
    "(-40.0, -40.0, 60.0)": 200237.33333333334,
    "(-40.0, -20.0, -60.0)": 167731.0,
    "(-40.0, -20.0, -40.0)": 265549.6666666667,
    "(-40.0, -20.0, -20.0)": 170073.33333333334,
    "(-40.0, -20.0, 0.0)": 133380.66666666666,
    "(-40.0, -20.0, 20.0)": 265372.6666666667,
    "(-40.0, -20.0, 40.0)": 188255.33333333334,
    "(-40.0, -20.0, 60.0)": 160369.0,
    "(-40.0, 0.0, -60.0)": 195481.66666666666,
    "(-40.0, 0.0, -40.0)": 252840.66666666666,
    "(-40.0, 0.0, -20.0)": 136965.33333333334,
    "(-40.0, 0.0, 0.0)": 125936.66666666667,
    "(-40.0, 0.0, 20.0)": 227353.0,
    "(-40.0, 0.0, 40.0)": 231113.0,
    "(-40.0, 0.0, 60.0)": 149357.33333333334,
    "(-40.0, 20.0, -60.0)": 179581.66666666666,
    "(-40.0, 20.0, -40.0)": 188484.33333333334,
    "(-40.0, 20.0, -20.0)": 183084.33333333334,
    "(-40.0, 20.0, 0.0)": 195053.66666666666,
    "(-40.0, 20.0, 20.0)": 174661.33333333334,
    "(-40.0, 20.0, 40.0)": 193923.33333333334,
    "(-40.0, 20.0, 60.0)": 137136.33333333334,
    "(-40.0, 40.0, -60.0)": 126867.0,
    "(-40.0, 40.0, -40.0)": 171571.0,
    "(-40.0, 40.0, -20.0)": 245053.0,
    "(-40.0, 40.0, 0.0)": 242261.66666666666,
    "(-40.0, 40.0, 20.0)": 192541.0,
    "(-40.0, 40.0, 40.0)": 126503.0,
    "(-40.0, 40.0, 60.0)": 112010.0,
    "(-40.0, 60.0, -60.0)": 109276.33333333333,
    "(-40.0, 60.0, -40.0)": 229188.0,
    "(-40.0, 60.0, -20.0)": 236220.33333333334,
    "(-40.0, 60.0, 0.0)": 202869.0,
    "(-40.0, 60.0, 20.0)": 253583.33333333334,
    "(-40.0, 60.0, 40.0)": 128777.66666666667,
    "(-40.0, 60.0, 60.0)": 108149.33333333333,
    "(-20.0, -60.0, -60.0)": 173663.33333333334,
    "(-20.0, -60.0, -40.0)": 262115.66666666666,
    "(-20.0, -60.0, -20.0)": 224957.33333333334,
    "(-20.0, -60.0, 0.0)": 212274.66666666666,
    "(-20.0, -60.0, 20.0)": 112541.33333333333,
    "(-20.0, -60.0, 40.0)": 219450.33333333334,
    "(-20.0, -60.0, 60.0)": 273273.6666666667,
    "(-20.0, -40.0, -60.0)": 204475.66666666666,
    "(-20.0, -40.0, -40.0)": 152947.33333333334,
    "(-20.0, -40.0, -20.0)": 214275.33333333334,
    "(-20.0, -40.0, 0.0)": 217483.33333333334,
    "(-20.0, -40.0, 20.0)": 170083.0,
    "(-20.0, -40.0, 40.0)": 168220.0,
    "(-20.0, -40.0, 60.0)": 244189.66666666666,
    "(-20.0, -20.0, -60.0)": 189339.0,
    "(-20.0, -20.0, -40.0)": 234955.66666666666,
    "(-20.0, -20.0, -20.0)": 177945.66666666666,
    "(-20.0, -20.0, 0.0)": 150953.66666666666,
    "(-20.0, -20.0, 20.0)": 240619.33333333334,
    "(-20.0, -20.0, 40.0)": 191939.66666666666,
    "(-20.0, -20.0, 60.0)": 204981.0,
    "(-20.0, 0.0, -60.0)": 217461.0,
    "(-20.0, 0.0, -40.0)": 261979.66666666666,
    "(-20.0, 0.0, -20.0)": 121988.66666666667,
    "(-20.0, 0.0, 0.0)": 107442.0,
    "(-20.0, 0.0, 20.0)": 229840.33333333334,
    "(-20.0, 0.0, 40.0)": 249727.33333333334,
    "(-20.0, 0.0, 60.0)": 187419.66666666666,
    "(-20.0, 20.0, -60.0)": 224164.66666666666,
    "(-20.0, 20.0, -40.0)": 202443.33333333334,
    "(-20.0, 20.0, -20.0)": 137955.0,
    "(-20.0, 20.0, 0.0)": 156721.66666666666,
    "(-20.0, 20.0, 20.0)": 168185.0,
    "(-20.0, 20.0, 40.0)": 242236.66666666666,
    "(-20.0, 20.0, 60.0)": 175416.33333333334,
    "(-20.0, 40.0, -60.0)": 170744.66666666666,
    "(-20.0, 40.0, -40.0)": 149715.0,
    "(-20.0, 40.0, -20.0)": 216726.66666666666,
    "(-20.0, 40.0, 0.0)": 236375.0,
    "(-20.0, 40.0, 20.0)": 152055.33333333334,
    "(-20.0, 40.0, 40.0)": 163091.0,
    "(-20.0, 40.0, 60.0)": 143387.66666666666,
    "(-20.0, 60.0, -60.0)": 112700.66666666667,
    "(-20.0, 60.0, -40.0)": 182154.0,
    "(-20.0, 60.0, -20.0)": 257387.66666666666,
    "(-20.0, 60.0, 0.0)": 242998.33333333334,
    "(-20.0, 60.0, 20.0)": 213112.66666666666,
    "(-20.0, 60.0, 40.0)": 112681.0,
    "(-20.0, 60.0, 60.0)": 107496.66666666667,
    "(0.0, -60.0, -60.0)": 225093.33333333334,
    "(0.0, -60.0, -40.0)": 244218.33333333334,
    "(0.0, -60.0, -20.0)": 207529.33333333334,
    "(0.0, -60.0, 0.0)": 178096.66666666666,
    "(0.0, -60.0, 20.0)": 124057.0,
    "(0.0, -60.0, 40.0)": 257669.33333333334,
    "(0.0, -60.0, 60.0)": 258831.66666666666,
    "(0.0, -40.0, -60.0)": 240214.33333333334,
    "(0.0, -40.0, -40.0)": 125333.0,
    "(0.0, -40.0, -20.0)": 193073.33333333334,
    "(0.0, -40.0, 0.0)": 221918.0,
    "(0.0, -40.0, 20.0)": 124209.66666666667,
    "(0.0, -40.0, 40.0)": 200145.66666666666,
    "(0.0, -40.0, 60.0)": 270363.6666666667,
    "(0.0, -20.0, -60.0)": 212498.33333333334,
    "(0.0, -20.0, -40.0)": 182119.0,
    "(0.0, -20.0, -20.0)": 192780.33333333334,
    "(0.0, -20.0, 0.0)": 187128.33333333334,
    "(0.0, -20.0, 20.0)": 191039.33333333334,
    "(0.0, -20.0, 40.0)": 189305.0,
    "(0.0, -20.0, 60.0)": 247271.33333333334,
    "(0.0, 0.0, -60.0)": 231203.0,
    "(0.0, 0.0, -40.0)": 240226.66666666666,
    "(0.0, 0.0, -20.0)": 132507.0,
    "(0.0, 0.0, 0.0)": 122188.0,
    "(0.0, 0.0, 20.0)": 221848.0,
    "(0.0, 0.0, 40.0)": 241604.66666666666,
    "(0.0, 0.0, 60.0)": 231598.33333333334,
    "(0.0, 20.0, -60.0)": 259475.0,
    "(0.0, 20.0, -40.0)": 215527.33333333334,
    "(0.0, 20.0, -20.0)": 109225.66666666667,
    "(0.0, 20.0, 0.0)": 126173.33333333333,
    "(0.0, 20.0, 20.0)": 171614.33333333334,
    "(0.0, 20.0, 40.0)": 274038.3333333333,
    "(0.0, 20.0, 60.0)": 224804.33333333334,