{
    "(-60.0, -60.0, -60.0)": 193382.0,
    "(-60.0, -60.0, -40.0)": 188677.66666666666,
    "(-60.0, -60.0, -20.0)": 211232.33333333334,
    "(-60.0, -60.0, 0.0)": 219081.0,
    "(-60.0, -60.0, 20.0)": 195472.0,
    "(-60.0, -60.0, 40.0)": 129415.33333333333,
    "(-60.0, -60.0, 60.0)": 165132.66666666666,
    "(-60.0, -40.0, -60.0)": 155078.66666666666,
    "(-60.0, -40.0, -40.0)": 224659.66666666666,
    "(-60.0, -40.0, -20.0)": 156833.0,
    "(-60.0, -40.0, 0.0)": 159142.66666666666,
    "(-60.0, -40.0, 20.0)": 210023.66666666666,
    "(-60.0, -40.0, 40.0)": 182597.0,
    "(-60.0, -40.0, 60.0)": 124878.66666666667,
    "(-60.0, -20.0, -60.0)": 210172.33333333334,
    "(-60.0, -20.0, -40.0)": 197169.0,
    "(-60.0, -20.0, -20.0)": 131702.33333333334,
    "(-60.0, -20.0, 0.0)": 152283.33333333334,
    "(-60.0, -20.0, 20.0)": 164856.66666666666,
    "(-60.0, -20.0, 40.0)": 239222.0,
    "(-60.0, -20.0, 60.0)": 157385.33333333334,
    "(-60.0, 0.0, -60.0)": 255737.66666666666,
    "(-60.0, 0.0, -40.0)": 188817.33333333334,
    "(-60.0, 0.0, -20.0)": 170507.33333333334,
    "(-60.0, 0.0, 0.0)": 181098.0,
    "(-60.0, 0.0, 20.0)": 167057.33333333334,
    "(-60.0, 0.0, 40.0)": 259512.0,
    "(-60.0, 0.0, 60.0)": 232565.66666666666,
    "(-60.0, 20.0, -60.0)": 256645.33333333334,
    "(-60.0, 20.0, -40.0)": 226375.0,
    "(-60.0, 20.0, -20.0)": 198867.33333333334,
    "(-60.0, 20.0, 0.0)": 181442.33333333334,
    "(-60.0, 20.0, 20.0)": 223844.33333333334,
    "(-60.0, 20.0, 40.0)": 245931.66666666666,
    "(-60.0, 20.0, 60.0)": 254797.0,
    "(-60.0, 40.0, -60.0)": 226946.0,
    "(-60.0, 40.0, -40.0)": 264285.0,
    "(-60.0, 40.0, -20.0)": 169606.0,
    "(-60.0, 40.0, 0.0)": 142376.66666666666,
    "(-60.0, 40.0, 20.0)": 251327.33333333334,
    "(-60.0, 40.0, 40.0)": 235316.66666666666,
    "(-60.0, 40.0, 60.0)": 202129.66666666666,
    "(-60.0, 60.0, -60.0)": 207699.0,
    "(-60.0, 60.0, -40.0)": 237721.66666666666,
    "(-60.0, 60.0, -20.0)": 127832.0,
    "(-60.0, 60.0, 0.0)": 126964.0,
    "(-60.0, 60.0, 20.0)": 207110.66666666666,
    "(-60.0, 60.0, 40.0)": 236362.33333333334,
    "(-60.0, 60.0, 60.0)": 146089.66666666666,
    "(-40.0, -60.0, -60.0)": 227377.33333333334,
    "(-40.0, -60.0, -40.0)": 166287.0,
    "(-40.0, -60.0, -20.0)": 176088.33333333334,
    "(-40.0, -60.0, 0.0)": 246640.0,
    "(-40.0, -60.0, 20.0)": 215643.0,
    "(-40.0, -60.0, 40.0)": 129208.33333333333,
    "(-40.0, -60.0, 60.0)": 193547.66666666666,
    "(-40.0, -40.0, -60.0)": 136875.0,
    "(-40.0, -40.0, -40.0)": 215423.0,
    "(-40.0, -40.0, -20.0)": 192578.66666666666,
    "(-40.0, -40.0, 0.0)": 189300.33333333334,
    "(-40.0, -40.0, 20.0)": 218432.0,
    "(-40.0, -40.0, 40.0)": 143939.33333333334,
    "(-40.0, -40.0, 60.0)": 134077.66666666666,
    "(-40.0, -20.0, -60.0)": 174469.33333333334,
    "(-40.0, -20.0, -40.0)": 196001.33333333334,
    "(-40.0, -20.0, -20.0)": 142118.33333333334,
    "(-40.0, -20.0, 0.0)": 161720.66666666666,
    "(-40.0, -20.0, 20.0)": 169905.33333333334,
    "(-40.0, -20.0, 40.0)": 206453.0,
    "(-40.0, -20.0, 60.0)": 127865.33333333333,
    "(-40.0, 0.0, -60.0)": 233907.0,
    "(-40.0, 0.0, -40.0)": 158879.0,
    "(-40.0, 0.0, -20.0)": 174770.0,
    "(-40.0, 0.0, 0.0)": 167925.0,
    "(-40.0, 0.0, 20.0)": 163457.0,
    "(-40.0, 0.0, 40.0)": 249151.66666666666,
    "(-40.0, 0.0, 60.0)": 197130.33333333334,
    "(-40.0, 20.0, -60.0)": 259642.66666666666,
    "(-40.0, 20.0, -40.0)": 192336.0,
    "(-40.0, 20.0, -20.0)": 201157.66666666666,
    "(-40.0, 20.0, 0.0)": 200588.0,
    "(-40.0, 20.0, 20.0)": 185707.33333333334,
    "(-40.0, 20.0, 40.0)": 249098.66666666666,
    "(-40.0, 20.0, 60.0)": 258926.0,
    "(-40.0, 40.0, -60.0)": 248810.0,
    "(-40.0, 40.0, -40.0)": 246184.33333333334,
    "(-40.0, 40.0, -20.0)": 193368.33333333334,
    "(-40.0, 40.0, 0.0)": 169048.33333333334,
    "(-40.0, 40.0, 20.0)": 242416.33333333334,
    "(-40.0, 40.0, 40.0)": 241787.33333333334,
    "(-40.0, 40.0, 60.0)": 241967.66666666666,
    "(-40.0, 60.0, -60.0)": 228696.0,
    "(-40.0, 60.0, -40.0)": 256191.33333333334,
    "(-40.0, 60.0, -20.0)": 145940.0,
    "(-40.0, 60.0, 0.0)": 129338.0,
    "(-40.0, 60.0, 20.0)": 232457.66666666666,
    "(-40.0, 60.0, 40.0)": 247600.0,
    "(-40.0, 60.0, 60.0)": 180393.66666666666,
    "(-20.0, -60.0, -60.0)": 239281.66666666666,
    "(-20.0, -60.0, -40.0)": 160250.0,
    "(-20.0, -60.0, -20.0)": 213776.0,
    "(-20.0, -60.0, 0.0)": 262264.6666666667,
    "(-20.0, -60.0, 20.0)": 190577.0,
    "(-20.0, -60.0, 40.0)": 142948.66666666666,
    "(-20.0, -60.0, 60.0)": 222390.0,
    "(-20.0, -40.0, -60.0)": 135799.66666666666,
    "(-20.0, -40.0, -40.0)": 200930.33333333334,
    "(-20.0, -40.0, -20.0)": 227765.66666666666,
    "(-20.0, -40.0, 0.0)": 219897.66666666666,
    "(-20.0, -40.0, 20.0)": 222688.33333333334,
    "(-20.0, -40.0, 40.0)": 131190.33333333334,
    "(-20.0, -40.0, 60.0)": 159596.0,
    "(-20.0, -20.0, -60.0)": 146735.66666666666,
    "(-20.0, -20.0, -40.0)": 195503.0,
    "(-20.0, -20.0, -20.0)": 165085.33333333334,
    "(-20.0, -20.0, 0.0)": 179932.33333333334,
    "(-20.0, -20.0, 20.0)": 183994.66666666666,
    "(-20.0, -20.0, 40.0)": 169983.0,
    "(-20.0, -20.0, 60.0)": 119074.33333333333,
    "(-20.0, 0.0, -60.0)": 198109.0,
    "(-20.0, 0.0, -40.0)": 158308.66666666666,
    "(-20.0, 0.0, -20.0)": 157721.66666666666,
    "(-20.0, 0.0, 0.0)": 190633.66666666666,
    "(-20.0, 0.0, 20.0)": 134208.33333333334,
    "(-20.0, 0.0, 40.0)": 216063.66666666666,
    "(-20.0, 0.0, 60.0)": 162846.33333333334,
    "(-20.0, 20.0, -60.0)": 244737.33333333334,
    "(-20.0, 20.0, -40.0)": 158863.33333333334,
    "(-20.0, 20.0, -20.0)": 202964.66666666666,
    "(-20.0, 20.0, 0.0)": 219447.33333333334,
    "(-20.0, 20.0, 20.0)": 152028.33333333334,
    "(-20.0, 20.0, 40.0)": 233968.0,
    "(-20.0, 20.0, 60.0)": 242659.0,
    "(-20.0, 40.0, -60.0)": 252171.0,
    "(-20.0, 40.0, -40.0)": 213978.66666666666,
    "(-20.0, 40.0, -20.0)": 220413.0,
    "(-20.0, 40.0, 0.0)": 203564.0,
    "(-20.0, 40.0, 20.0)": 218615.33333333334,
    "(-20.0, 40.0, 40.0)": 233942.0,
    "(-20.0, 40.0, 60.0)": 266279.3333333333,
    "(-20.0, 60.0, -60.0)": 238154.33333333334,
    "(-20.0, 60.0, -40.0)": 259270.66666666666,
    "(-20.0, 60.0, -20.0)": 177988.33333333334,
    "(-20.0, 60.0, 0.0)": 151351.33333333334,
    "(-20.0, 60.0, 20.0)": 250145.0,
    "(-20.0, 60.0, 40.0)": 242353.33333333334,
    "(-20.0, 60.0, 60.0)": 218291.66666666666,
    "(0.0, -60.0, -60.0)": 235298.0,
    "(0.0, -60.0, -40.0)": 166183.66666666666,
    "(0.0, -60.0, -20.0)": 246270.33333333334,
    "(0.0, -60.0, 0.0)": 254588.0,
    "(0.0, -60.0, 20.0)": 172024.0,
    "(0.0, -60.0, 40.0)": 171299.66666666666,
    "(0.0, -60.0, 60.0)": 242238.33333333334,
    "(0.0, -40.0, -60.0)": 153616.0,
    "(0.0, -40.0, -40.0)": 182607.33333333334,
    "(0.0, -40.0, -20.0)": 257352.0,
    "(0.0, -40.0, 0.0)": 244865.0,
    "(0.0, -40.0, 20.0)": 217711.66666666666,
    "(0.0, -40.0, 40.0)": 129819.66666666667,
    "(0.0, -40.0, 60.0)": 198866.33333333334,
    "(0.0, -20.0, -60.0)": 130901.66666666667,
    "(0.0, -20.0, -40.0)": 194523.33333333334,
    "(0.0, -20.0, -20.0)": 201575.33333333334,
    "(0.0, -20.0, 0.0)": 203886.0,
    "(0.0, -20.0, 20.0)": 203918.0,
    "(0.0, -20.0, 40.0)": 138340.33333333334,
    "(0.0, -20.0, 60.0)": 133192.0,
    "(0.0, 0.0, -60.0)": 160413.66666666666,
    "(0.0, 0.0, -40.0)": 158481.0,
    "(0.0, 0.0, -20.0)": 172121.0,
    "(0.0, 0.0, 0.0)": 196549.0,
    "(0.0, 0.0, 20.0)": 146796.33333333334,
    "(0.0, 0.0, 40.0)": 177615.66666666666,
    "(0.0, 0.0, 60.0)": 134947.66666666666,
    "(0.0, 20.0, -60.0)": 210379.66666666666,
    "(0.0, 20.0, -40.0)": 133322.33333333334,
    "(0.0, 20.0, -20.0)": 203219.33333333334,
    "(0.0, 20.0, 0.0)": 229813.0,
    "(0.0, 20.0, 20.0)": 128481.66666666667,
    "(0.0, 20.0, 40.0)": 206509.0,
    "(0.0, 20.0, 60.0)": 209924.66666666666,
    "(0.0, 40.0, -60.0)": 235665.0,