{
    "0.1": 8834.0,
    "0.15000000000000002": 0.0,
    "0.125": 3.7142857142857144,
    "0.1375": 0.0,
    "0.13125": 0.2857142857142857
}