{
    "0.1": 113681.71428571429,
    "0.15000000000000002": 0.0,
    "0.125": 104.0,
    "0.1375": 0.0,
    "0.13125": 6.857142857142857,
    "0.13437500000000002": 0.0
}