{
    "0.1": 27522.571428571428,
    "0.15000000000000002": 0.0,
    "0.125": 10.571428571428571,
    "0.1375": 0.0,
    "0.13125": 0.2857142857142857,
    "0.1328125": 0.0
}