{
    "0.1": 128234.85714285714,
    "0.15000000000000002": 0.0,
    "0.125": 131.71428571428572,
    "0.1375": 0.0,
    "0.13125": 10.285714285714286,
    "0.13437500000000002": 0.5714285714285714
}