{
    "0.1": 25724.85714285714,
    "0.15000000000000002": 0.0,
    "0.125": 7.142857142857143,
    "0.1375": 0.0,
    "0.13125": 0.0,
    "0.128125": 0.8571428571428571
}