{
    "0.1": 1113.142857142857,
    "0.15000000000000002": 0.0,
    "0.125": 0.0,
    "0.1125": 4.571428571428571,
    "0.11875": 0.0
}